# Daily-mean 10 m wind speed at Nida, 2012-2016 (m/s).
# Source: ERA5 (Copernicus Climate Change Service / ECMWF).
# Contains modified Copernicus Climate Change Service information.
day,wind_ms
0,8.0186
1,7.6767
2,9.6196
3,15.0431
4,11.5452
5,7.0961
6,9.7500
7,5.5476
8,7.0386
9,3.2480
10,10.4122
11,13.6662
12,12.5559
13,11.7340
14,7.7802
15,3.6770
16,3.6635
17,6.7047
18,8.3812
19,1.9304
20,6.4309
21,8.7768
22,4.3100
23,4.9576
24,4.8083
25,8.3475
26,9.5032
27,10.3035
28,8.9577
29,8.0482
30,6.4537
31,7.4396
32,4.8003
33,11.6768
34,7.8740
35,4.2502
36,7.0007
37,6.2644
38,4.6478
39,8.6299
40,4.7609
41,3.0771
42,8.7054
43,3.5886
44,8.3117
45,9.9910
46,4.0013
47,7.9174
48,5.1548
49,9.6843
50,7.6088
51,11.3941
52,9.2525
53,14.3079
54,10.9307
55,12.3075
56,11.3092
57,6.3320
58,8.1178
59,5.7338
60,6.6051
61,11.4211
62,9.3706
63,5.4100
64,5.9545
65,5.0041
66,3.6224
67,6.9112
68,5.5349
69,10.1523
70,11.2866
71,6.5718
72,8.7764
73,7.7946
74,5.9474
75,5.7997
76,5.2488
77,2.2116
78,12.4330
79,11.8685
80,8.1582
81,5.9027
82,6.5464
83,2.8380
84,10.7685
85,6.3565
86,9.8775
87,8.3305
88,9.4244
89,6.3758
90,6.6365
91,9.1407
92,12.1456
93,4.6240
94,7.3766
95,3.5571
96,4.2379
97,2.9850
98,10.5457
99,4.7499
100,9.4690
101,7.7440
102,4.8027
103,6.0717
104,4.0174
105,6.2218
106,8.4614
107,7.5530
108,5.0971
109,7.1587
110,3.3722
111,3.1882
112,2.5626
113,2.4305
114,6.0556
115,8.8455
116,6.9210
117,4.0232
118,4.1427
119,4.6258
120,6.6319
121,6.2773
122,4.0298
123,3.0201
124,4.5642
125,4.8821
126,6.4701
127,2.7047
128,2.7038
129,5.8312
130,7.0108
131,6.9103
132,10.2774
133,4.6814
134,3.3801
135,4.4631
136,5.7811
137,8.9230
138,4.8192
139,4.9448
140,4.5020
141,6.2717
142,4.7070
143,7.5124
144,6.7246
145,5.2759
146,4.9379
147,5.3060
148,3.9672
149,6.3955
150,6.7871
151,3.1230
152,4.3080
153,10.6877
154,6.1811
155,2.3388
156,3.5254
157,3.7018
158,2.4261
159,5.0667
160,2.7292
161,2.1407
162,4.3218
163,2.1637
164,4.6785
165,5.9872
166,6.4507
167,4.5076
168,6.4385
169,4.6759
170,7.6750
171,2.5945
172,5.5393
173,5.8390
174,8.6288
175,5.8407
176,11.1038
177,13.4180
178,9.5300
179,4.9948
180,4.0777
181,5.4078
182,3.4263
183,4.3934
184,5.3433
185,3.0520
186,2.8261
187,5.1259
188,3.7462
189,3.4539
190,4.0849
191,4.4297
192,4.8783
193,4.1723
194,6.3863
195,8.2751
196,11.5162
197,10.3307
198,7.2355
199,8.6455
200,6.4721
201,9.3544
202,7.2332
203,4.8573
204,6.4355
205,3.5751
206,4.2164
207,3.1964
208,3.4969
209,4.9523
210,5.7911
211,3.6280
212,3.9474
213,2.2428
214,6.5988
215,5.4230
216,4.2597
217,3.5028
218,5.8726
219,9.9455
220,11.1334
221,8.8969
222,7.8600
223,6.8370
224,4.9755
225,6.2526
226,7.6226
227,4.6299
228,3.6858
229,5.7029
230,5.2262
231,6.6636
232,3.8501
233,7.0646
234,7.9003
235,11.4543
236,4.8246
237,2.2790
238,5.2451
239,8.6936
240,4.5576
241,2.6785
242,6.4483
243,8.4584
244,7.2532
245,6.5508
246,7.4714
247,6.2416
248,9.6426
249,8.8519
250,11.5852
251,12.5594
252,5.4676
253,7.3443
254,6.0236
255,4.4202
256,2.3381
257,8.6002
258,9.4022
259,6.2577
260,7.3707
261,5.3927
262,7.0762
263,7.3876
264,6.6450
265,8.5643
266,8.7512
267,6.4393
268,5.2619
269,6.1451
270,6.4231
271,10.0607
272,6.9223
273,11.5553
274,6.6996
275,2.8049
276,4.1328
277,8.0497
278,13.0750
279,11.1203
280,10.8454
281,10.3595
282,10.9153
283,9.7856
284,6.5790
285,2.3535
286,8.7023
287,7.6611
288,7.7952
289,5.5343
290,6.8698
291,7.5823
292,7.1148
293,6.5462
294,3.9200
295,5.1413
296,2.6578
297,6.3386
298,10.9644
299,13.8581
300,5.1283
301,5.1442
302,5.5368
303,6.6467
304,7.5896
305,12.0514
306,7.4223
307,8.6632
308,7.6099
309,9.1132
310,8.6457
311,12.6372
312,12.6326
313,4.7332
314,9.2893
315,7.9421
316,10.1248
317,7.2941
318,9.5254
319,9.3431
320,6.5275
321,7.7087
322,8.1691
323,3.6312
324,6.8738
325,7.3163
326,8.5701
327,4.9100
328,6.8934
329,5.9372
330,6.2406
331,6.5195
332,3.1041
333,7.1463
334,8.0307
335,9.2116
336,8.7105
337,4.8402
338,9.1386
339,9.2260
340,6.6440
341,4.3341
342,7.8318
343,9.5960
344,7.7177
345,6.9170
346,5.2557
347,3.3564
348,10.2042
349,13.6164
350,10.6115
351,10.5069
352,9.0925
353,5.9157
354,5.2895
355,6.8192
356,6.4457
357,11.5634
358,10.6534
359,9.5338
360,8.6154
361,9.9556
362,12.2576
363,8.1415
364,8.2918
365,10.5242
366,9.3252
367,8.3608
368,10.6599
369,9.4756
370,9.9663
371,6.4835
372,3.5081
373,6.3762
374,7.1141
375,8.1814
376,8.1548
377,8.2153
378,5.2221
379,7.5363
380,5.2985
381,6.8842
382,8.4068
383,6.2209
384,5.1417
385,4.7366
386,7.8819
387,8.0603
388,4.3643
389,2.7418
390,4.0132
391,8.2944
392,9.9734
393,8.4858
394,7.4551
395,9.0342
396,12.9427
397,4.9341
398,4.4614
399,5.1054
400,8.4921
401,10.2475
402,7.9117
403,4.5132
404,6.0525
405,5.4664
406,5.9845
407,4.5062
408,5.8004
409,6.4521
410,4.9350
411,4.5975
412,3.0483
413,3.4033
414,7.4031
415,6.7508
416,10.5865
417,6.1364
418,4.6726
419,9.0220
420,8.7998
421,6.7978
422,3.2119
423,5.0398
424,9.8878
425,9.8832
426,9.8045
427,12.8678
428,5.6945
429,5.5763
430,5.1559
431,7.5268
432,8.3625
433,9.0637
434,11.3664
435,9.0979
436,4.4626
437,2.3175
438,2.1930
439,9.5629
440,8.3235
441,3.5400
442,8.4135
443,12.0517
444,7.6106
445,7.3936
446,10.0674
447,6.2690
448,5.5026
449,5.2637
450,4.5703
451,4.7514
452,6.5078
453,9.8133
454,4.3299
455,4.7372
456,9.3712
457,5.4499
458,4.8118
459,6.8173
460,6.2472
461,5.6775
462,6.6848
463,6.8280
464,3.9027
465,5.4619
466,4.0175
467,7.4777
468,4.7736
469,4.7849
470,5.9770
471,7.9226
472,5.0513
473,7.3516
474,6.6375
475,7.3256
476,3.3072
477,5.8889
478,7.6143
479,9.6838
480,6.8080
481,5.4032
482,5.7220
483,3.5016
484,5.7595
485,7.5349
486,4.0610
487,4.6718
488,4.6228
489,3.2143
490,5.6192
491,2.5702
492,3.7055
493,6.7121
494,4.7229
495,3.0747
496,5.2677
497,5.7389
498,5.2750
499,3.9401
500,4.7517
501,5.5950
502,5.7964
503,5.6791
504,4.6638
505,4.1711
506,4.7191
507,3.0899
508,7.0004
509,5.9208
510,5.1417
511,5.7195
512,5.5617
513,7.8891
514,5.1458
515,5.3696
516,6.8952
517,6.1254
518,3.7688
519,3.5018
520,7.3475
521,6.7843
522,4.1365
523,5.6191
524,4.2771
525,2.6344
526,4.7867
527,4.4081
528,2.7485
529,7.3120
530,9.2384
531,5.8299
532,4.8188
533,7.0546
534,2.9673
535,3.0705
536,5.0549
537,5.3623
538,3.7279
539,3.4544
540,5.8450
541,5.1361
542,4.5478
543,5.3212
544,2.3440
545,2.3471
546,6.6503
547,8.3422
548,4.4332
549,3.3963
550,4.5400
551,5.0617
552,6.6729
553,5.4283
554,7.0370
555,5.2957
556,4.3260
557,3.1570
558,8.0883
559,5.7358
560,7.0602
561,8.0067
562,9.3738
563,6.8640
564,7.4458
565,10.9424
566,9.6109
567,9.4131
568,11.2175
569,11.4118
570,8.1253
571,4.9532
572,3.0322
573,2.1314
574,4.5068
575,4.9359
576,7.4771
577,5.3785
578,7.6616
579,7.3808
580,3.1001
581,4.0324
582,2.6864
583,5.0215
584,4.9542
585,3.6906
586,7.1278
587,2.6919
588,7.5338
589,7.2700
590,7.1483
591,10.3652
592,7.5311
593,4.5915
594,6.6720
595,6.3998
596,2.8637
597,4.8321
598,4.5091
599,5.6233
600,6.6863
601,5.3697
602,4.9712
603,4.7075
604,3.7636
605,2.2675
606,3.4699
607,4.2820
608,5.8910
609,10.6195
610,13.3564
611,11.0686
612,4.3651
613,2.4562
614,3.5565
615,3.3876
616,3.6929
617,6.3533
618,3.5772
619,5.0047
620,3.3862
621,3.9209
622,6.4912
623,5.5073
624,5.6561
625,3.7143
626,5.0516
627,6.1570
628,8.2153
629,8.6284
630,10.3905
631,13.5376
632,10.0305
633,6.6422
634,5.7950
635,8.2350
636,3.9504
637,4.8563
638,3.7960
639,5.1171
640,4.3210
641,1.7838
642,6.1845
643,8.6803
644,5.9504
645,7.8935
646,6.4072
647,6.4429
648,4.7041
649,3.5755
650,5.5406
651,5.1027
652,3.2991
653,3.5638
654,1.8991
655,7.0997
656,9.2730
657,7.8295
658,4.2649
659,8.0481
660,8.7470
661,9.9496
662,8.7343
663,7.8474
664,8.0977
665,7.8421
666,11.3217
667,11.8229
668,10.7288
669,8.6831
670,8.1606
671,6.9759
672,6.6008
673,11.1853
674,9.8187
675,4.7135
676,6.5447
677,5.7844
678,8.8938
679,7.6580
680,5.8263
681,8.0296
682,9.7223
683,6.0994
684,7.6248
685,13.2728
686,8.5596
687,8.5030
688,7.6645
689,6.3449
690,3.8653
691,3.1738
692,3.4484
693,7.5523
694,6.7830
695,6.1321
696,12.3788
697,13.9782
698,7.7678
699,4.1716
700,13.9723
701,9.7151
702,10.4671
703,11.5411
704,13.6836
705,16.3991
706,14.1462
707,10.8114
708,5.8094
709,6.4409
710,8.7396
711,9.0567
712,6.9372
713,4.8005
714,6.9038
715,8.0271
716,8.3556
717,4.7746
718,8.7049
719,6.2125
720,10.4183
721,9.1743
722,10.4005
723,10.8337
724,9.6887
725,7.4609
726,8.0770
727,9.1533
728,6.5136
729,8.9621
730,8.5104
731,7.6710
732,7.5478
733,6.7512
734,7.7443
735,7.5499
736,8.1784
737,8.4749
738,8.2186
739,9.7077
740,14.4644
741,9.3659
742,10.9187
743,6.6888
744,6.7726
745,6.6586
746,5.0463
747,10.7857
748,9.2243
749,12.5285
750,13.3449
751,9.9767
752,6.8148
753,6.5827
754,8.1327
755,8.3144
756,11.6560
757,12.8676
758,13.0241
759,13.8759
760,13.7405
761,13.7119
762,11.6236
763,8.7664
764,5.7683
765,8.0093
766,7.0872
767,5.9090
768,8.2480
769,7.6239
770,7.0213
771,3.3229
772,7.4841
773,6.4547
774,6.1540
775,6.2362
776,7.5739
777,8.5789
778,11.8072
779,8.1615
780,4.0052
781,6.3580
782,7.1561
783,5.2929
784,4.9983
785,7.4569
786,8.4006
787,6.9518
788,5.8029
789,6.5847
790,5.0967
791,5.8645
792,7.1917
793,6.9124
794,4.3518
795,2.7079
796,4.2720
797,7.4423
798,6.9187
799,7.8044
800,5.8792
801,5.9673
802,8.4486
803,7.5694
804,14.9874
805,10.5349
806,10.6009
807,7.5935
808,8.4389
809,8.0991
810,7.8635
811,5.1274
812,3.4495
813,5.8129
814,7.4260
815,3.6722
816,3.2177
817,5.3758
818,3.4937
819,2.6126
820,4.8071
821,3.8758
822,3.5738
823,5.0369
824,5.6489
825,6.0022
826,5.1659
827,6.5713
828,5.5554
829,6.3022
830,5.9987
831,5.6315
832,3.7130
833,7.8855
834,5.8189
835,6.8713
836,7.2259
837,5.3851
838,6.0206
839,5.3606
840,6.1009
841,4.3416
842,2.9845
843,5.8903
844,7.8225
845,5.4215
846,4.9527
847,2.4938
848,3.8535
849,3.5334
850,4.4663
851,8.6873
852,7.0893
853,3.7742
854,8.6986
855,6.8339
856,3.4213
857,6.8300
858,3.7995
859,5.4860
860,4.0965
861,6.3968
862,2.6234
863,6.3274
864,5.0523
865,6.7974
866,7.4354
867,6.6262
868,4.5733
869,3.5024
870,2.5293
871,2.2406
872,6.2780
873,8.0300
874,7.2092
875,5.0612
876,5.4426
877,9.0615
878,8.8827
879,8.3238
880,5.3967
881,5.9008
882,7.6311
883,5.9820
884,3.2531
885,3.7712
886,4.0272
887,4.2621
888,5.0749
889,4.3763
890,4.0204
891,5.5209
892,4.7312
893,7.6403
894,8.9448
895,11.6465
896,8.3233
897,4.9966
898,6.2671
899,7.2406
900,8.1164
901,8.4446
902,3.7550
903,8.8715
904,7.1750
905,8.4223
906,5.6316
907,6.8634
908,5.0890
909,6.5262
910,5.4216
911,4.5088
912,5.0359
913,6.2095
914,7.4644
915,5.1688
916,5.3073
917,4.7753
918,4.4772
919,6.7451
920,6.9405
921,6.7489
922,9.0418
923,8.5179
924,5.0678
925,4.8297
926,3.6527
927,2.7091
928,3.5717
929,3.6395
930,3.8871
931,3.9981
932,4.2655
933,5.5561
934,5.5154
935,4.1426
936,4.2611
937,4.3518
938,5.2442
939,4.1211
940,3.5890
941,5.8482
942,6.3382
943,3.1167
944,5.6658
945,6.5088
946,6.0381
947,3.3132
948,3.6514
949,3.9667
950,5.4793
951,3.2980
952,3.6393
953,6.0921
954,5.9477
955,6.4495
956,9.4294
957,4.7192
958,7.1500
959,9.0478
960,9.3085
961,9.9940
962,11.3015
963,7.9313
964,5.9852
965,5.5253
966,3.9321
967,10.5476
968,7.4742
969,9.6162
970,7.1856
971,4.1497
972,4.7439
973,6.0391
974,5.9224
975,4.9855
976,4.3783
977,4.8541
978,5.4522
979,4.3374
980,4.5658
981,5.0153
982,2.5767
983,4.0337
984,3.0552
985,5.3002
986,5.5405
987,7.0494
988,7.2556
989,6.2969
990,5.3328
991,6.0383
992,6.7604
993,4.0038
994,4.7356
995,6.3232
996,11.2194
997,7.1511
998,8.3556
999,5.4721
1000,10.9952
1001,9.0783
1002,6.5079
1003,4.3244
1004,5.7815
1005,4.8699
1006,3.2962
1007,3.3741
1008,5.3049
1009,10.5925
1010,11.3137
1011,8.0895
1012,6.3575
1013,5.4709
1014,3.6318
1015,7.2134
1016,4.8392
1017,3.9704
1018,3.2753
1019,1.9559
1020,5.5199
1021,4.0188
1022,9.0133
1023,12.2182
1024,4.2927
1025,10.8067
1026,10.0384
1027,10.2311
1028,10.2925
1029,8.6112
1030,8.8888
1031,7.8213
1032,7.9418
1033,4.8096
1034,2.3241
1035,4.4862
1036,8.7724
1037,8.1192
1038,7.8115
1039,4.9677
1040,5.0060
1041,4.3669
1042,3.6112
1043,5.1747
1044,7.4836
1045,3.7106
1046,7.6408
1047,8.0005
1048,7.8217
1049,9.9164
1050,11.0030
1051,10.0490
1052,10.2130
1053,8.7423
1054,5.4970
1055,3.9297
1056,3.0551
1057,5.1937
1058,11.2913
1059,6.7228
1060,5.9962
1061,7.5794
1062,8.4315
1063,6.6296
1064,6.3626
1065,7.8151
1066,8.8139
1067,4.6089
1068,3.8091
1069,8.5745
1070,8.1900
1071,7.8128
1072,9.1872
1073,7.5820
1074,11.5979
1075,9.9716
1076,11.3577
1077,14.0118
1078,8.4370
1079,8.4340
1080,8.3805
1081,10.8168
1082,7.8912
1083,10.7348
1084,12.4662
1085,10.1702
1086,11.3504
1087,12.4930
1088,9.3696
1089,7.5627
1090,4.6254
1091,6.7164
1092,3.0568
1093,5.6028
1094,8.0193
1095,9.9079
1096,10.4810
1097,15.4289
1098,15.4393
1099,13.4290
1100,10.6003
1101,6.3973
1102,11.4009
1103,10.3026
1104,9.6487
1105,8.8105
1106,18.3451
1107,11.5303
1108,10.8991
1109,9.0258
1110,8.4416
1111,8.6702
1112,6.1330
1113,6.0568
1114,4.8511
1115,9.7370
1116,6.0847
1117,2.0548
1118,2.6113
1119,3.8824
1120,2.0906
1121,5.1030
1122,7.1974
1123,5.9297
1124,9.6795
1125,10.0474
1126,6.9553
1127,11.2691
1128,8.9914
1129,6.3907
1130,4.6246
1131,2.2420
1132,7.1088
1133,10.8578
1134,13.5248
1135,5.7469
1136,5.2010
1137,4.3238
1138,6.2275
1139,4.6384
1140,3.8997
1141,9.1131
1142,11.3080
1143,10.2728
1144,10.6463
1145,10.1391
1146,6.9934
1147,8.9168
1148,6.3817
1149,6.1076
1150,4.1106
1151,2.9847
1152,2.2715
1153,3.3479
1154,2.2154
1155,7.1643
1156,6.3509
1157,12.1818
1158,5.4783
1159,3.7028
1160,6.5096
1161,6.8893
1162,8.1625
1163,5.3760
1164,5.3197
1165,4.6200
1166,6.6481
1167,7.6821
1168,6.6956
1169,6.1008
1170,6.9781
1171,7.5673
1172,4.2655
1173,2.2184
1174,5.3888
1175,8.0240
1176,6.5321
1177,8.7891
1178,4.6309
1179,4.4154
1180,8.5685
1181,4.7977
1182,4.6525
1183,7.8145
1184,12.7714
1185,9.1374
1186,9.5532
1187,9.0207
1188,7.6055
1189,8.2602
1190,7.1198
1191,5.8053
1192,7.3789
1193,7.0923
1194,7.5470
1195,6.8284
1196,3.9656
1197,11.4048
1198,11.1394
1199,9.7028
1200,9.9510
1201,11.0942
1202,9.1029
1203,8.8259
1204,8.9249
1205,10.4480
1206,6.4388
1207,4.6165
1208,11.3547
1209,7.8438
1210,3.1013
1211,4.3814
1212,5.4237
1213,7.1706
1214,8.9406
1215,5.8011
1216,6.7425
1217,10.6107
1218,3.4101
1219,7.5044
1220,5.0685
1221,4.6337
1222,3.9770
1223,5.3046
1224,3.1362
1225,6.0423
1226,5.1763
1227,8.7863
1228,11.0974
1229,6.9410
1230,7.2534
1231,4.9134
1232,11.7781
1233,9.2824
1234,6.1159
1235,4.9631
1236,6.0882
1237,2.9678
1238,5.4140
1239,3.1589
1240,3.3023
1241,5.6935
1242,7.7694
1243,5.7442
1244,5.4684
1245,7.8343
1246,5.7326
1247,7.0386
1248,3.3075
1249,9.2724
1250,9.7774
1251,4.4431
1252,6.3638
1253,7.2956
1254,6.9128
1255,6.3238
1256,4.2550
1257,7.0610
1258,3.8485
1259,2.8204
1260,7.0625
1261,8.0486
1262,4.4516
1263,3.1877
1264,6.8811
1265,5.1928
1266,4.0711
1267,3.1811
1268,3.4943
1269,7.6851
1270,8.9639
1271,7.9298
1272,6.9392
1273,4.9808
1274,3.0467
1275,4.4214
1276,5.1289
1277,6.2344
1278,4.7559
1279,2.3488
1280,2.3617
1281,2.1986
1282,8.6120
1283,9.0342
1284,7.7162
1285,10.4075
1286,12.2500
1287,10.6086
1288,6.7099
1289,3.8616
1290,4.8169
1291,7.1328
1292,7.6351
1293,7.4387
1294,5.4634
1295,6.7853
1296,8.4832
1297,5.4536
1298,6.4499
1299,7.3402
1300,5.3701
1301,7.5697
1302,9.5412
1303,5.5540
1304,5.8865
1305,6.9863
1306,10.3139
1307,9.6075
1308,6.1998
1309,5.4780
1310,4.5344
1311,4.7121
1312,5.7641
1313,4.0425
1314,3.2683
1315,4.7192
1316,6.1321
1317,4.2441
1318,3.7095
1319,5.0480
1320,7.4604
1321,6.0052
1322,6.5364
1323,7.3805
1324,9.7791
1325,7.4195
1326,6.6937
1327,4.9480
1328,4.1395
1329,4.6178
1330,5.6099
1331,6.5422
1332,7.2688
1333,5.0729
1334,6.1344
1335,8.3393
1336,7.8891
1337,3.6615
1338,5.3082
1339,5.4990
1340,8.1206
1341,3.8314
1342,4.8116
1343,8.0057
1344,7.2123
1345,7.0917
1346,7.7136
1347,4.2644
1348,4.2300
1349,6.1642
1350,8.2356
1351,7.6530
1352,10.3813
1353,5.4074
1354,3.8177
1355,5.7068
1356,8.3004
1357,4.6700
1358,2.9147
1359,7.0126
1360,6.7640
1361,5.8072
1362,3.1975
1363,3.3231
1364,6.3010
1365,6.5497
1366,7.8193
1367,4.9270
1368,5.0089
1369,10.3306
1370,10.6222
1371,4.1910
1372,4.1120
1373,4.0936
1374,9.8042
1375,9.2756
1376,6.9741
1377,3.7147
1378,1.7762
1379,6.1398
1380,6.8725
1381,8.2274
1382,7.3252
1383,9.4910
1384,9.0212
1385,4.9163
1386,4.0106
1387,4.8088
1388,4.9027
1389,3.1918
1390,6.5780
1391,10.5427
1392,4.8601
1393,8.1864
1394,8.0802
1395,5.0011
1396,6.8845
1397,7.1528
1398,4.3022
1399,6.1882
1400,7.7179
1401,7.6953
1402,4.7487
1403,3.2239
1404,3.0936
1405,5.5789
1406,7.5296
1407,14.0356
1408,8.6401
1409,11.4122
1410,9.4023
1411,11.4267
1412,7.9985
1413,11.7725
1414,8.5661
1415,6.7770
1416,7.7210
1417,10.0693
1418,12.3983
1419,9.0363
1420,3.6685
1421,7.1131
1422,2.7953
1423,9.4152
1424,10.3866
1425,7.3006
1426,9.3085
1427,9.6255
1428,9.9504
1429,14.3802
1430,11.2734
1431,7.2248
1432,7.7674
1433,11.7198
1434,13.2673
1435,13.8208
1436,11.8494
1437,5.4108
1438,8.6319
1439,9.6679
1440,10.4014
1441,10.5009
1442,6.4930
1443,6.3566
1444,3.3737
1445,5.6580
1446,7.5604
1447,8.6327
1448,10.8812
1449,8.6978
1450,9.0906
1451,13.1063
1452,13.1040
1453,9.4919
1454,11.9278
1455,7.4622
1456,6.9422
1457,9.4590
1458,6.6510
1459,8.1943
1460,8.8194
1461,8.9634
1462,9.5438
1463,3.4758
1464,5.1548
1465,4.3424
1466,5.0615
1467,7.4387
1468,9.5891
1469,4.1806
1470,9.0327
1471,6.9638
1472,6.3090
1473,10.8968
1474,8.9557
1475,5.4491
1476,4.9819
1477,6.8801
1478,7.3392
1479,9.6988
1480,9.5036
1481,3.9740
1482,3.8384
1483,7.2197
1484,6.8081
1485,4.3668
1486,9.1590
1487,10.9585
1488,13.8077
1489,11.4346
1490,11.3911
1491,12.1257
1492,9.6683
1493,14.6381
1494,15.0526
1495,8.5854
1496,8.8557
1497,7.1147
1498,8.5261
1499,9.1991
1500,9.5474
1501,7.0084
1502,5.6797
1503,6.8715
1504,4.8558
1505,4.4709
1506,5.3595
1507,6.1247
1508,6.1303
1509,7.3868
1510,2.5656
1511,6.8997
1512,8.5800
1513,9.6558
1514,10.0799
1515,7.0738
1516,8.5306
1517,8.0931
1518,6.0672
1519,2.9311
1520,4.4126
1521,6.4401
1522,4.5609
1523,5.8853
1524,6.1341
1525,6.0059
1526,7.8212
1527,4.7243
1528,4.2633
1529,3.5178
1530,5.3815
1531,5.3789
1532,5.1576
1533,4.5643
1534,7.9064
1535,4.9097
1536,5.6117
1537,6.9803
1538,10.0899
1539,7.7472
1540,3.1733
1541,6.1152
1542,5.1579
1543,5.4906
1544,3.8543
1545,3.4476
1546,2.2694
1547,6.1485
1548,7.1123
1549,6.3811
1550,5.7590
1551,8.3138
1552,9.0081
1553,4.1184
1554,5.0805
1555,4.0416
1556,7.0461
1557,6.8125
1558,5.1129
1559,1.9490
1560,3.5776
1561,6.8269
1562,6.2888
1563,4.3872
1564,4.3833
1565,7.6670
1566,3.7486
1567,5.6983
1568,6.4750
1569,9.7677
1570,10.9821
1571,9.6955
1572,7.8314
1573,10.3069
1574,3.9820
1575,5.9634
1576,2.2421
1577,4.2153
1578,5.2547
1579,4.4486
1580,3.7147
1581,3.4889
1582,3.8305
1583,4.3411
1584,3.2292
1585,4.2992
1586,5.8475
1587,5.2532
1588,3.8184
1589,3.9847
1590,3.9474
1591,2.4790
1592,4.4047
1593,5.3019
1594,4.3621
1595,5.1829
1596,9.2048
1597,12.0263
1598,5.8227
1599,2.6495
1600,2.5775
1601,3.0107
1602,4.5422
1603,2.7363
1604,6.3156
1605,4.3919
1606,5.5507
1607,5.3121
1608,3.2726
1609,4.8494
1610,6.3476
1611,6.3590
1612,6.6245
1613,5.5390
1614,3.3045
1615,2.9720
1616,7.5574
1617,9.0107
1618,7.2169
1619,4.1880
1620,7.1841
1621,5.9701
1622,8.6706
1623,10.6954
1624,5.7249
1625,3.5672
1626,6.5809
1627,3.5201
1628,3.9202
1629,8.5208
1630,10.0100
1631,2.9981
1632,6.1065
1633,4.7065
1634,4.1626
1635,3.7610
1636,5.5903
1637,5.0471
1638,6.1903
1639,5.5163
1640,2.6272
1641,2.5459
1642,3.2224
1643,2.7965
1644,6.2282
1645,6.5085
1646,9.0865
1647,6.8037
1648,6.9236
1649,11.2451
1650,8.1979
1651,5.6955
1652,6.5969
1653,4.5990
1654,4.8983
1655,2.4172
1656,6.4421
1657,9.8147
1658,7.0871
1659,6.0858
1660,7.0544
1661,6.8099
1662,6.9186
1663,8.3856
1664,5.4316
1665,4.1491
1666,2.4746
1667,2.2924
1668,3.1122
1669,3.1733
1670,3.5526
1671,2.2891
1672,4.1883
1673,4.5809
1674,6.5610
1675,5.1288
1676,3.6264
1677,5.5519
1678,5.0754
1679,6.5236
1680,10.1290
1681,7.3813
1682,7.8511
1683,5.1624
1684,7.5830
1685,5.5861
1686,8.4598
1687,9.3596
1688,6.2814
1689,10.5621
1690,10.0169
1691,7.7329
1692,4.6380
1693,4.9414
1694,5.1503
1695,3.9459
1696,5.1021
1697,3.6436
1698,3.0406
1699,7.0822
1700,5.3663
1701,5.1373
1702,8.4671
1703,9.9760
1704,5.0967
1705,5.1171
1706,6.4113
1707,6.5778
1708,3.7785
1709,5.6944
1710,3.1638
1711,7.2294
1712,3.9542
1713,3.8176
1714,2.8364
1715,1.4056
1716,3.0575
1717,3.6161
1718,3.1817
1719,1.6941
1720,3.1579
1721,7.2060
1722,5.9408
1723,2.4402
1724,4.5680
1725,5.8200
1726,5.1828
1727,5.2391
1728,6.7059
1729,3.4562
1730,5.2725
1731,4.0651
1732,10.2660
1733,9.4944
1734,10.5656
1735,5.7825
1736,4.9606
1737,6.1872
1738,11.9036
1739,14.5717
1740,11.8656
1741,8.6501
1742,7.4413
1743,7.6373
1744,7.5588
1745,8.8769
1746,8.5593
1747,6.7526
1748,6.9738
1749,11.1052
1750,10.1686
1751,9.2844
1752,8.7162
1753,8.9040
1754,9.0043
1755,11.0260
1756,10.6635
1757,8.4054
1758,9.9433
1759,5.7615
1760,6.2749
1761,8.0409
1762,12.0850
1763,11.6436
1764,10.3240
1765,6.2414
1766,8.2119
1767,9.2812
1768,8.2137
1769,4.8182
1770,10.1126
1771,6.3164
1772,4.1830
1773,6.7537
1774,7.2872
1775,3.5701
1776,3.4692
1777,4.5227
1778,5.6484
1779,9.9215
1780,10.6564
1781,7.2770
1782,8.3282
1783,10.3615
1784,6.4704
1785,8.1803
1786,9.1450
1787,9.4442
1788,6.0081
1789,6.5892
1790,6.3497
1791,12.9118
1792,11.5992
1793,12.0374
1794,8.3658
1795,10.0805
1796,6.1761
1797,8.2235
1798,7.7797
1799,6.5527
1800,12.5209
1801,7.1522
1802,8.8397
1803,14.2411
1804,11.7646
1805,5.3063
1806,6.6493
1807,7.2737
1808,10.7807
1809,8.3486
1810,4.0444
1811,7.7589
1812,6.0647
1813,4.8882
1814,9.1518
1815,4.4528
1816,7.8520
1817,7.2043
1818,9.1127
1819,11.0013
1820,9.2455
1821,12.6738
1822,16.0658
1823,11.0047
1824,7.2176
1825,9.5645
1826,10.9085
